RBP Num,Pearson Correlation,Train Time (Seconds),Evalute Time (Seconds),Seed
RBP Num,Pearson Correlation,Train Time (Seconds),Evalute Time (Seconds),Seed
RBP Num,Pearson Correlation,Train Time (Seconds),Evalute Time (Seconds),Seed
RBP Num,Pearson Correlation,Train Time (Seconds),Evalute Time (Seconds),Seed
RBP1,0.042230356484651566,156.9156529903412,613.191682100296,117012348
RBP Num,Pearson Correlation,Train Time (Seconds),Evalute Time (Seconds),Seed
RBP Num,Pearson Correlation,Train Time (Seconds),Evalute Time (Seconds),Seed
RBP Num,Pearson Correlation,Train Time (Seconds),Evalute Time (Seconds),Seed
RBP Num,Pearson Correlation,Train Time (Seconds),Evalute Time (Seconds),Seed
RBP Num,Pearson Correlation,Train Time (Seconds),Evalute Time (Seconds),Seed
RBP Num,Pearson Correlation,Train Time (Seconds),Evalute Time (Seconds),Seed
RBP Num,Pearson Correlation,Train Time (Seconds),Evalute Time (Seconds),Seed
